NCTId,Sponsor,Phase,Status,Countries,Interventions,Emerging_Modality
NCT04658589,Chonnam National University Hospital,NA,NOT_YET_RECRUITING,,Laparoscopic versus open distal gastrectomy,No
NCT05088889,Sheba Medical Center,PHASE1,UNKNOWN,,Nivolumab | ipilimumab | Stereotactic body radiation therapy | Low dose irradiation,No
NCT05976568,"Qilu Pharmaceutical Co., Ltd.","PHASE2, PHASE3",NOT_YET_RECRUITING,,QL1706 | Bevacizumab | Oxaliplatin injection | Capecitabine | Sintilimab,No
NCT00765791,University of Alberta,NA,COMPLETED,,Selective Neck Dissection Excluding Level 2B | Selective Neck Dissection Including Level 2B,No
NCT00559091,Jewish General Hospital,PHASE2,COMPLETED,,ribavirin,No
NCT00679874,University of Calgary,,TERMINATED,,Cardio-vascular MRI,No
NCT02840890,Centre Georges Francois Leclerc,NA,COMPLETED,,osteopathic technique | Placebo,No
NCT00116597,"University Hospital, Basel, Switzerland","PHASE1, PHASE2",COMPLETED,,Intranodal immunization with a recombinant vaccinia virus expressing 5 transgenes | Intranodal booster immunizations with synthetic melanoma associated epitopes,No
NCT05596097,LanZhou University,PHASE2,NOT_YET_RECRUITING,,Zanubrutinib,No
NCT01641497,Centre Oscar Lambret,NA,TERMINATED,,3D conformational radiation | IMRT,No
NCT02588560,Chang Gung Memorial Hospital,,UNKNOWN,,,No
NCT05233982,"National Cancer Institute, Naples",PHASE2,UNKNOWN,,Olaparib Oral Product,No
NCT01221324,Cantonal Hospital of St. Gallen,,COMPLETED,,,No
NCT01643824,"National Cancer Center, Korea",NA,COMPLETED,,Proton Beam Therapy,No
NCT03081923,"Fondazione IRCCS Istituto Nazionale dei Tumori, Milano",PHASE2,TERMINATED,,Durvalumab | Tremelimumab,No
NCT01040559,Centre Hospitalier Universitaire Dijon,PHASE1,COMPLETED,,idarubicin,No
NCT03027479,"University Hospital, Tours",NA,COMPLETED,,Samples,No
NCT03542279,"Xuanwu Hospital, Beijing",NA,COMPLETED,,"Plasma exchange (PE) | intravenous immunmoglobulin (IVIG), intravenous methylprednisolone (IVMP)",No
NCT01724879,Goethe University,PHASE2,COMPLETED,,Dasatinib,No
NCT05080088,Centre Hospitalier Universitaire de Nīmes,,COMPLETED,,,No
NCT05150561,"Rigshospitalet, Denmark",,ACTIVE_NOT_RECRUITING,,,No
NCT00801242,Ferring Pharmaceuticals,PHASE3,COMPLETED,,Degarelix 240 mg / 80 mg,No
NCT06857773,The Netherlands Cancer Institute,PHASE3,RECRUITING,,Intra arterial infusion Floxuridine (FUDR) combined with systemic therapy | Hepatic arterial infusion pump (HAIP) | Systemic therapy (standard of care),No
NCT01335269,Boehringer Ingelheim,PHASE1,COMPLETED,,BI 853520,No
NCT07464769,Region Jönköping County,NA,NOT_YET_RECRUITING,,Compression therapy,No
NCT00802841,Novartis Pharmaceuticals,PHASE3,COMPLETED,,nilotinib | imatinib,No
NCT04226066,"Tasly Tianjin Biopharmaceutical Co., Ltd.","PHASE1, PHASE2",UNKNOWN,,T601 | T601+5-FC,No
NCT02635256,University Hospital Schleswig-Holstein,NA,COMPLETED,,Hypofractionated Radiosurgery,No
NCT04837391,Istanbul University,,UNKNOWN,,Near Infrared Spectroscopy (NIRS) | Blood sample | Addenbrooke Cognitive Examination III (ACE-III) | Confusion Assessment Method,No
NCT03872791,"Jiangsu Alphamab Biopharmaceuticals Co., Ltd","PHASE1, PHASE2",COMPLETED,,KN046 | Nab-paclitaxel,No
NCT03796390,"Hebei Senlang Biotechnology Inc., Ltd.",PHASE1,UNKNOWN,,CD123 CAR-T cells,Yes
NCT00128310,Spanish Breast Cancer Research Group,PHASE3,COMPLETED,,Vinorelbine | Gemcitabine,No
NCT06787313,Fudan University,,RECRUITING,,precision palliative care,No
NCT07267910,Aalto University,NA,NOT_YET_RECRUITING,,Active transcranial electrical vestibular stimulation (Active EVS) | Sham transcranial electrical vestibular stimulation (Sham EVS) | Control measurement,No
NCT06856213,Grupo Español de Tratamiento de Tumores de Cabeza y Cuello,PHASE2,RECRUITING,,Cetuximab | Paclitaxel,No
NCT00876460,Boehringer Ingelheim,PHASE1,COMPLETED,,BIBF 1120 M + docetaxel M | BIBF 1120 M + docetaxel H | BIBF 1120 H + docetaxel H | BIBF 1120 L + docetaxel M | BIBF 1120 H + docetaxel M,No
NCT00235560,"University Hospital, Toulouse",PHASE2,COMPLETED,,rapamycin,No
NCT01487720,Asan Medical Center,PHASE2,COMPLETED,,GEMOX,No
NCT04638582,McGill University Health Centre/Research Institute of the McGill University Health Centre,PHASE2,UNKNOWN,,Pembrolizumab | Carboplatin | Paclitaxel | Pemetrexed,No
NCT00334282,GlaxoSmithKline,PHASE3,COMPLETED,,Pazopanib | placebo,No
NCT04838782,University of Alberta,NA,WITHDRAWN,,Repeat Surgical Management of Recurrent GBM,No
NCT06580223,"Union Hospital, Tongji Medical College, Huazhong University of Science and Technology",PHASE3,NOT_YET_RECRUITING,,Aspirin 100mg | Rivaroxaban 10mg,No
NCT01137123,Sun Yat-sen University,PHASE3,COMPLETED,,adjuvant chemotherapy | standard two field Lymphadenectomy | Total two field Lymphadenectomy | three field Lymphadenectomy,No
NCT06088459,"Newish Technology (Beijing) Co., Ltd.",PHASE1,UNKNOWN,,1mg NWRD06 administered by electroporation | 4mg NWRD06 administered by electroporation | 8mg NWRD06 administered by electroporation,No
NCT06729359,Al-Kindy College of Medicine,,COMPLETED,,Ultrasonography of the abdomen and pelvis,No
NCT04672759,Peking Union Medical College Hospital,,UNKNOWN,,Durvalumab | Durvalumab,No
NCT03817359,Tri-Service General Hospital,NA,COMPLETED,,Remifentanil-propofol mixture,No
NCT01604759,British Columbia Cancer Agency,PHASE1,COMPLETED,,Polarized Reflectance Spectroscopy System,No
NCT05544396,National Cheng-Kung University Hospital,NA,ACTIVE_NOT_RECRUITING,,probiotic,No
NCT07404462,Institute of Oncology Ljubljana,,COMPLETED,,Standard-of-Care Neoadjuvant Chemotherapy,No
NCT02417662,"University College, London",NA,ACTIVE_NOT_RECRUITING,,Radical Radiotherapy (Conventional RT and SABR) | Non-investigational SACT,No
NCT01607788,"University of Geneva, Switzerland",,UNKNOWN,,,No
NCT06540027,Başakşehir Çam & Sakura City Hospital,,ENROLLING_BY_INVITATION,,rectal cacer surgery,No
NCT05254561,Zagazig University,"PHASE2, PHASE3",COMPLETED,,Intralesional antigen immunotherapy,No
NCT06822842,"Xinhua Hospital, Shanghai Jiao Tong University School of Medicine",,NOT_YET_RECRUITING,,,No
NCT07023042,National Taiwan University Hospital,NA,RECRUITING,,Abdominal Kinesio taping | Standard Care Arm,No
NCT02613286,Hospital de Câncer de Pernambuco,NA,COMPLETED,,Extrafascial Hysterectomy | Modified radical hysterectomy,No
NCT01413386,"Jong Taek, Lee",NA,TERMINATED,,biliary stent,No
NCT02769286,Chonnam National University Hospital,PHASE2,COMPLETED,,Osimertinib,No
NCT06544070,Entia Ltd,,NOT_YET_RECRUITING,,Entia Liberty System,No
NCT05840770,City of Hope Medical Center,PHASE2,WITHDRAWN,,Biospecimen Collection | Cemiplimab | Computed Tomography | Magnetic Resonance Elastography | Positron Emission Tomography,No
NCT07028970,"Nanjing IASO Biotechnology Co., Ltd.",,RECRUITING,,No Intervention (subjects were previously treated with Equecabtagene Autoleucel Injection) ),No
NCT04571086,"University Hospital, Essen",,RECRUITING,,,No
NCT05397873,"University Health Network, Toronto",NA,RECRUITING,,Biofeedback training,No
NCT07078773,"Nanjing First Hospital, Nanjing Medical University",NA,ACTIVE_NOT_RECRUITING,,peng block | obturator nerve block,No
NCT02338583,Ethicon Endo-Surgery,,COMPLETED,,Echelon Flex™ 45 and 60 Powered ENDOPATH® Stapler Articulating Endoscopic Linear Cutter,No
NCT03038841,University of Zurich,,UNKNOWN,,Mobile Health,No
NCT03837054,Assistance Publique Hopitaux De Marseille,NA,UNKNOWN,,Blood collection and Micronuclei assay on binucleate lymphocytes in culture,No
NCT06111105,Claus Lindbjerg Andersen,,RECRUITING,,,No
NCT06224166,Regina Elena Cancer Institute,,UNKNOWN,,"Collection and use of tissue samples, blood and saliva",No
NCT07305766,Peking Union Medical College,NA,COMPLETED,,Intervention group | Conventional nursing measures,No
NCT03249766,Tata Memorial Hospital,,COMPLETED,,Observational,No
NCT05586256,University Of Perugia,,RECRUITING,,ultra-hypofractionated whole breast irradiation,No
NCT02331056,Samsung Medical Center,,COMPLETED,,fluid loading | thoracoscopic pulmonary lobectomy | thoracotomy,No
NCT04119622,Aiping Zhou,PHASE2,UNKNOWN,,Toripalimab | oxaliplatin | capecitabine,No
NCT02809651,Ziekenhuis Oost-Limburg,NA,COMPLETED,,Infrascanner,No
NCT04309929,Careggi Hospital,,COMPLETED,,Analgesics,No
NCT04231929,Terumo Europe N.V.,NA,WITHDRAWN,,Chemoembolization,No
NCT00003729,European Organisation for Research and Treatment of Cancer - EORTC,PHASE2,TERMINATED,,cytarabine | fludarabine phosphate | idarubicin,No
NCT03195491,Bristol-Myers Squibb,PHASE3,COMPLETED,,Nivolumab,No
NCT01271010,Hoffmann-La Roche,PHASE4,TERMINATED,,Cyclophosphamide | Fludarabine | Rituximab,No
NCT04437420,Centre Hospitalier Universitaire Dijon,,UNKNOWN,,injection of BEP 800 | Control,No
NCT00472420,Hoffmann-La Roche,PHASE2,COMPLETED,,rituximab [MabThera/Rituxan] | First line chemotherapy,No
NCT06725524,Shanghai JMT-Bio Inc.,PHASE1,RECRUITING,,JMT601,No
NCT05833724,Great Novel Therapeutics Biotech & Medicals Corporation,PHASE2,RECRUITING,,Chidamide,No
NCT00900523,Vanderbilt-Ingram Cancer Center,,COMPLETED,,protein expression analysis | immunohistochemistry,No
NCT01017679,Sun Yat-sen University,PHASE2,COMPLETED,,Gefitinib 500mg/Gefitinib 250mg,No
NCT05719779,Centre hospitalier de l'Université de Montréal (CHUM),NA,RECRUITING,,Ronco-Onco and MAD,No
NCT04895046,"Walid Shaib, MD",PHASE2,WITHDRAWN,,Niraparib | Dostarlimab | Dostarlimab,No
NCT01373346,Gangnam Severance Hospital,NA,COMPLETED,,Long limb Roux-en Y reconstruction,No
NCT02504788,Chang Gung Memorial Hospital,NA,RECRUITING,,hippocampal-sparing WBRT,No
NCT02707588,Groupe Oncologie Radiotherapie Tete et Cou,PHASE2,COMPLETED,,Pembrolizumab | Cetuximab | Radiotherapy,No
NCT00138827,"St George Hospital, Australia",PHASE4,COMPLETED,,Biotene (mouth care),No
NCT07401173,Qun Zhao,,NOT_YET_RECRUITING,,,No
NCT05396183,Peking University Third Hospital,,UNKNOWN,,,No
NCT07201441,Sir Run Run Shaw Hospital,NA,COMPLETED,,Smart Nursing Based on the Health Cloud Platform,No
NCT00308854,photonamic GmbH & Co. KG,PHASE3,COMPLETED,,Photodynamic Therapy,No
NCT04507594,Aarhus University Hospital,,COMPLETED,,Lung lobectomy OR esophagus cancer resection,No
NCT04248166,Seoul St. Mary's Hospital,NA,UNKNOWN,,Photoacoustic imaging,No
NCT03323905,Sunnybrook Health Sciences Centre,NA,COMPLETED,,Symphony MRI guided High Intensity Focused Ultrasound (HIFU),No
NCT02145494,Royal Marsden NHS Foundation Trust,PHASE2,UNKNOWN,,Radiotherapy,No
NCT04745156,Medical College of Wisconsin,NA,NOT_YET_RECRUITING,,RNS System Implantation,No
NCT03462251,iOMEDICO AG,PHASE3,COMPLETED,,Ribociclib and aromatase inhibitor or fulvestrant | Capecitabine + bevacizumab OR Paclitaxel +/- bevacizumab,No
NCT04324151,Hunan Province Tumor Hospital,,RECRUITING,,,No
NCT03625531,Hongxia Ma,PHASE3,UNKNOWN,,Acupuncture | Letrozole | Placebo letrozole,No
NCT00833131,Polish Colorectal Cancer Study Group,PHASE3,UNKNOWN,,Short course of radiotherapy | Radiochemotherapy,No
NCT02980731,AbbVie,PHASE3,COMPLETED,,Venetoclax,No
NCT03922074,Serveis de Salut Integrats Baix Empordà,NA,COMPLETED,,Sedation directed by an endoscopist | Sedation directed by an anesthesiologist,No
NCT05916690,Institute of Oncology Ljubljana,NA,UNKNOWN,,Electrochemotherapy with bleomycin or cisplatin,No
NCT01341197,National Taiwan University Hospital,,COMPLETED,,"Fecal immunochemical test, guaiac fecal occult-blood test, and Helicobacter pylori stool antigen test",No
NCT01004497,The Catholic University of Korea,PHASE2,COMPLETED,,Dasatinib | Cyclophosphamide | Vincristine | Daunorubicin | Dexamethasone | Cytarabine | Mitoxantrone,No
NCT00458510,Archimedes Development Ltd,PHASE3,COMPLETED,,"Fentanyl (Nasalfent, Fentanyl Citrate Nasal Spray)",No
NCT06943924,Dr. Lutfi Kirdar Kartal Training and Research Hospital,,COMPLETED,,Frailty assessment,No
NCT02880423,Bnai Zion Medical Center,NA,UNKNOWN,,tubal ligation group II | salpingectomy group I,No
NCT05921123,"University Hospital, Brest",,UNKNOWN,,,No
NCT00756223,Boehringer Ingelheim,PHASE1,COMPLETED,,Arm A | Arm B,No
NCT02802423,"BioLite, Inc.","PHASE1, PHASE2",NOT_YET_RECRUITING,,BLEX 404 Oral Liquid,No
NCT00794859,King's College London,PHASE2,UNKNOWN,,Sorafenib,No
NCT00670488,Merck Sharp & Dohme LLC,PHASE1,COMPLETED,,MK-2206,No
NCT06316427,Beijing GoBroad Hospital,"PHASE1, PHASE2",RECRUITING,,Autologous CD7 CAR T-cell | Prior-HSCT donor-derived CD7 CAR T-cell | New donor-derived CD7 CAR T-cell,No
NCT04907227,Merck Sharp & Dohme LLC,PHASE3,TERMINATED,,Pembrolizumab | Docetaxel | Prednisone | Placebo | Dexamethasone,No
NCT07305727,Centre Hospitalier Universitaire de Nīmes,,RECRUITING,,,No
NCT02627261,Hospices Civils de Lyon,,COMPLETED,,blood samples and bone marrow aspirates will be collected,No
NCT03474861,"Hangzhou Converd Co., Ltd.",PHASE1,UNKNOWN,,anticancer medication A01; immune cells IC01,No
NCT07426861,"Royal College of Surgeons, Ireland",NA,RECRUITING,,Standard Pre-Operative Education and Physiotherapy Recommendation | Pre-Operative Nurse-Led Education with Direct Physiotherapy Referral,No
NCT01694342,Meir Medical Center,,UNKNOWN,,,No
NCT06378242,"RemeGen Co., Ltd.","PHASE1, PHASE2",RECRUITING,,Disitamab Vedotin for injection,No
NCT01399086,Hellenic Oncology Research Group,,COMPLETED,,Fulvestrant,No
NCT07011186,"Chia Tai Tianqing Pharmaceutical Group Co., Ltd.","PHASE1, PHASE2",RECRUITING,,TQB3909 Tablets + Azacitidine,No
NCT02000986,Virginia Commonwealth University,NA,WITHDRAWN,,Specimen Collection/Risk Factor Assessment -> Diet/Exercise -> Chemotherapy,No
NCT07441486,Tianjin Medical University Cancer Institute and Hospital,PHASE2,NOT_YET_RECRUITING,,Entinostat | Oral Paclitaxel,No
NCT06785870,Cyrus Hsia,,NOT_YET_RECRUITING,,,No
NCT05304169,Zodiac Produtos Farmaceuticos S.A.,PHASE4,COMPLETED,,Leuprorelin Acetate (Eligard® 45 mg).,No
NCT04570683,Bispebjerg Hospital,EARLY_PHASE1,UNKNOWN,,Nivolumab 10 MG/ML | Ablative fractionated laser,No
NCT06477341,Assiut University,NA,COMPLETED,,various available nutrition as those contain high protein content as ensure milk,No
NCT04146441,St. Olavs Hospital,PHASE2,COMPLETED,,SonoVue | Chemotherapy,No
NCT07152041,"Institute of Hematology & Blood Diseases Hospital, China",PHASE3,RECRUITING,,olverembatinib,No
NCT03520894,Azienda Ospedaliero-Universitaria Careggi,NA,UNKNOWN,,Neoadjuvant radiotherapy,No
NCT06640166,Fondazione Policlinico Universitario Agostino Gemelli IRCCS,PHASE2,RECRUITING,,encorafenib + cetuximab + FOLFIRI,No
NCT01264822,"Eisai Co., Ltd.",,COMPLETED,,Rabeprazole Sodium,No
NCT05580991,Canwell Biotech Limited,PHASE1,ACTIVE_NOT_RECRUITING,,CAN1012,No
NCT03331874,Julie Dawson,,COMPLETED,,Reflectance Confocal Microscopy,No
NCT07454018,The First Affiliated Hospital of Soochow University,PHASE2,NOT_YET_RECRUITING,,Iparomlimab/Tuvonralimab,No
NCT01627197,Sun Yat-sen University,PHASE3,COMPLETED,,Surgery of percutaneous catheter system,No
NCT06106997,University of Erlangen-Nürnberg Medical School,NA,UNKNOWN,,brain radiotherapy,No
NCT00189410,AGO Study Group,PHASE2,COMPLETED,,Pegylated Liposomal Doxorubicin and Carboplatin,No
NCT05675813,Ruijin Hospital,"PHASE1, PHASE2",RECRUITING,,CHOP+selinexor+5-Azacitidine | CHOP+duvelisib+5-Azacitidine | CHOP+chidamide+tislelizumab | standard CHOP,No
NCT04289220,Yan'an Affiliated Hospital of Kunming Medical University,PHASE1,UNKNOWN,,Anti-CD19 CAR-T Cells Injection,Yes
NCT04334720,Tang-Du Hospital,,UNKNOWN,,Comprehensive treatment of tumor,No
NCT04914624,Sun Yat-sen University,NA,UNKNOWN,,ACBT training | acpella®PEP | EDP-type II external diaphragm pacemaker,No
NCT02276924,Lille Catholic University,NA,COMPLETED,,Laser confocal microscopy,No
NCT01408524,Mahidol University,"PHASE1, PHASE2",COMPLETED,,Diltiazem | Labetalol,No
NCT00364624,"Princess Margaret Hospital, Hong Kong",,COMPLETED,,,No
NCT04540224,Istanbul Training and Research Hospital,,COMPLETED,,Flow-Cytometric analysis,No
NCT07159659,Chinese University of Hong Kong,NA,NOT_YET_RECRUITING,,MCT Diet,No
NCT04804696,Peking University,PHASE2,TERMINATED,,Toripalimab | Paclitaxel | Cisplatin,No
NCT02745496,University of Dundee,NA,COMPLETED,,TRUS Biopsy | TRUS/FUSION Biopsy,No
NCT04765462,Chinese PLA General Hospital,"PHASE1, PHASE2",UNKNOWN,,Allogeneic γδ T cells,No
NCT01795846,Ankara University,,UNKNOWN,,Allergen specific immunotherapy and placebo injections,No
NCT02541188,"University Hospital, Montpellier",,TERMINATED,,Genetic analysis,No
NCT06438627,XIANG YANQUN,PHASE3,RECRUITING,,TPC combined with Apatinib and Camrelizumab | GP Combined With Camrelizumab,No
NCT01049061,"Eisai Co., Ltd.",PHASE1,COMPLETED,,MORAb-003,No
NCT03239886,University of Sao Paulo General Hospital,NA,UNKNOWN,,imatinib discontinuation,No
NCT04136470,Ardigen,,UNKNOWN,,"Collection of stool, blood (PBMC) and biopsy (FFPE)",No
NCT00894569,Heidelberg University,PHASE2,UNKNOWN,,paclitaxel/carboplatin | cetuximab,No
NCT04827069,"Sunshine Lake Pharma Co., Ltd.",PHASE1,COMPLETED,,Clifutinib Besylate,No
NCT06232083,Anhui Provincial Hospital,PHASE1,RECRUITING,,PLDR+Cardunizumab,No
NCT06661083,AGUNCO Obstetrics and Gynecology Centre,NA,COMPLETED,,"EGCG, FA, HA, B12",No
NCT06722183,Institut für Klinische Krebsforschung IKF GmbH at Krankenhaus Nordwest,PHASE2,RECRUITING,,Futibatinib orally administered | Tislelizumab (i.v. 200mg),No
NCT04772469,"University of California, San Francisco",NA,COMPLETED,,Provision of multiple self-tests | Small monetary incentives | Use of SMS/text reminders to motivate adherence to ART or PrEP,No
NCT06891183,Assiut University,NA,RECRUITING,,Percutaneous thermal ablation of lung tumors,No
NCT00956241,Academisch Medisch Centrum - Universiteit van Amsterdam (AMC-UvA),NA,COMPLETED,,j-pouch coloanal anastomosis | side-to-end coloanal anastomosis,No
NCT05536154,The Affiliated People's Hospital of Ningbo University,NA,RECRUITING,,Etoposide | Cytarabine | PEG-rhG-CSF,No
NCT00639054,"Rigshospitalet, Denmark",,COMPLETED,,Bone marrow examination | Blood samples,No
NCT06005259,University of Sao Paulo,PHASE4,UNKNOWN,,Spironolactone | Placebo,No
NCT00172159,National Taiwan University Hospital,PHASE2,UNKNOWN,,Hepatic resection,No
NCT05997459,Sun Yat-sen University,PHASE2,UNKNOWN,,Pemigatinib,No
NCT04864379,Sir Run Run Shaw Hospital,PHASE1,UNKNOWN,,iNeo-Vac-P01 | GM-CSF | PD-1 | RFA,No
NCT02426879,UMC Utrecht,NA,COMPLETED,,esophagectomy with three-field lymphnode dissection,No
NCT05219162,AstraZeneca,PHASE4,COMPLETED,,Gene Profile explore,No
NCT00517803,London Health Sciences Centre Research Institute OR Lawson Research Institute of St. Joseph's,NA,COMPLETED,,Probiotic Yogurt B: with various micronutrients | Probiotic Yogurt A: Kaiser micronutrients | Probiotic yogurt C: with basic micronutrients | Probiotic Yogurt D: Placebo -- no added micronutrients,No
NCT02879227,Centre Hospitalier Universitaire de Besancon,PHASE2,COMPLETED,,Cisplatin | Oxaliplatin,No
NCT03899870,ammar houssem,,COMPLETED,,Rectal resection | Neoadjuvant therapy | Adjuvant therapy,No
NCT01738269,Chinese PLA General Hospital,,COMPLETED,,,No
NCT01961583,Asan Medical Center,PHASE2,TERMINATED,,18F-Fluciclatide,No
NCT00336583,Asan Medical Center,PHASE2,COMPLETED,,Oxaliplatin,No
NCT01050283,Merck Sharp & Dohme LLC,PHASE1,TERMINATED,,Comparator: [18F]-FDG PET/CT and Volumetric CT,No
NCT05443854,Assistance Publique - Hôpitaux de Paris,PHASE3,UNKNOWN,,Aminoglycosides intervention | Lack of protective isolation intervention | No systematic aminoglycosides intervention - standard arm | Protective isolation intervention - standard arm,No
NCT03998254,Merck Sharp & Dohme LLC,PHASE3,ACTIVE_NOT_RECRUITING,,V503 | Gardasil,No
NCT04901741,TME Pharma AG,PHASE2,NOT_YET_RECRUITING,,Olaptesed pegol | Pembrolizumab,No
NCT04026841,The First Affiliated Hospital of Guangzhou Medical University,PHASE2,UNKNOWN,,PD-1 antibody Sintilimab,No
NCT07435454,Jiangsu Cancer Institute & Hospital,PHASE2,RECRUITING,,oral paclitaxel+radiotherapy,No
NCT00369954,Gynecologic Oncology Group,PHASE2,WITHDRAWN,,carboplatin | gemcitabine hydrochloride,No
NCT00287105,Rennes University Hospital,PHASE2,COMPLETED,,Standard chemotherapy + Imatinib,No
NCT02580994,European Organisation for Research and Treatment of Cancer - EORTC,PHASE2,COMPLETED,,Pembrolizumab | cis/carboplatin and etoposide,No
NCT04931394,Changhai Hospital,PHASE3,UNKNOWN,,Adjuvant chemotherapy guided by organoid drug sensitivity test,No
NCT01417494,Federation Francophone de Cancerologie Digestive,PHASE2,COMPLETED,,"Chemotherapy ( FOLFIRI regimen, FOLFOX regimen or LV5FU2 regimen) | Chemotherapy ( FOLFIRI regimen, FOLFOX regimen or LV5FU2 regimen) + bevacizumab",No
NCT05960266,University of Zurich,EARLY_PHASE1,COMPLETED,,Polvac Grass+Rye,No
NCT02977156,Centre Leon Berard,PHASE1,COMPLETED,,Pexa-Vec | Ipilimumab,No
NCT06185556,"Amsterdam UMC, location VUmc","PHASE2, PHASE3",RECRUITING,,Irreversible electroporation | Stereotactic body radiotherapy,No
NCT05975151,Qilu Hospital of Shandong University,PHASE2,UNKNOWN,,Pseudomonas aeruginosa,No
NCT04116151,Hospital Universitario Reina Sofia de Cordoba,NA,COMPLETED,,"Cosmetic cream (Alantel (R): aloe vera, chamomile and thime) | Usual treatment",No
NCT06876402,Hellenic Cooperative Oncology Group,,ACTIVE_NOT_RECRUITING,,,No
NCT06106750,First People's Hospital of Hangzhou,NA,UNKNOWN,,Endoscopic nasobiliary duct cutting | Bilateral plastic stent,No
NCT06156150,Huashan Hospital,,RECRUITING,,tumor vaccine,No
NCT03628274,Assistance Publique Hopitaux De Marseille,NA,UNKNOWN,,"Magnetic Resonance Imaging (MRI) 7 Tesla | Magnetic Resonance Imaging (MRI) 1,5 Tesla",No
NCT02187718,Medical Center Alkmaar,NA,UNKNOWN,,Sentinel Node Procedure under Local Anaesthesia | Sentinel Node Procedure under General Anaesthesia,No
NCT01444560,Ruhr University of Bochum,,COMPLETED,,,No
NCT00122720,Herning Hospital,PHASE4,COMPLETED,,Darbepoetin Alfa,No
NCT05665920,Instituto Brasileiro de Controle do Cancer,NA,RECRUITING,,Ultra-hypofractionated whole breast radiotherapy | Standard Radiation,No
NCT03099382,"Jiangsu HengRui Medicine Co., Ltd.",PHASE3,COMPLETED,,camrelizumab | Docetaxel | Irinotecan,No
NCT02095782,Guangdong Association of Clinical Trials,PHASE2,TERMINATED,,Intercalated combination of chemotherapy and erlotinib,No
NCT01480323,University Hospital Tuebingen,PHASE2,COMPLETED,,Interleukin-2 | Ipilimumab,No
NCT04289259,Assistance Publique - Hôpitaux de Paris,,TERMINATED,,TMB assessment,No
NCT06629896,Azienda USL Reggio Emilia - IRCCS,NA,RECRUITING,,Contrast Enhancement Mammography | magnetic resonance imaging (MRI) and digital mammography (DM),No
NCT07162246,Sunnybrook Health Sciences Centre,PHASE2,RECRUITING,,Radiation Therapy,No
NCT04238988,Fondazione Policlinico Universitario Agostino Gemelli IRCCS,PHASE2,UNKNOWN,,Pembrolizumab | Carboplatin | Taxol,No
NCT02490488,AB Science,"PHASE2, PHASE3",COMPLETED,,Masitinib | Gemcitabine | Placebo,No
NCT02122588,AstraZeneca,,COMPLETED,,,No
NCT05511688,Federation Francophone de Cancerologie Digestive,,ACTIVE_NOT_RECRUITING,,,No
NCT05526261,Linkoeping University,,UNKNOWN,,Hemithyroidectoy,No
NCT02492542,Wang Jianliu,NA,UNKNOWN,,PHENIX USB 8.,No
NCT04303286,Tongji Hospital,,COMPLETED,,,No
NCT07056270,Tongji Hospital,,NOT_YET_RECRUITING,,static CT scans,No
NCT00893373,Technische Universität Dresden,PHASE2,COMPLETED,,sorafenib | placebo,No
NCT01895673,dr. M.P. van den Tol MD PhD,,COMPLETED,,Gadolinium,No
NCT06866873,Hong Kong Children's Hospital,NA,RECRUITING,,CAR-T,Yes
NCT05820373,The University of Hong Kong,NA,COMPLETED,,Yoga therapy | Active control group | Passive control group,No
NCT04284969,Hospices Civils de Lyon,NA,RECRUITING,,PROADAPT program,No
NCT04167683,"Rigshospitalet, Denmark",,ACTIVE_NOT_RECRUITING,,No intervention,No
NCT03625583,The University of Hong Kong,,UNKNOWN,,,No
NCT00713141,"National University Hospital, Singapore",,COMPLETED,,,No
NCT06993441,Ege University,NA,COMPLETED,,Experimantal group | control group,No
NCT01290354,GlaxoSmithKline,PHASE1,COMPLETED,,Lapatinib | [11C] lapatinib,No
NCT03474354,Malagari Katerina,,COMPLETED,,chemoembolization,No
NCT01364454,Paris 12 Val de Marne University,EARLY_PHASE1,COMPLETED,,Eligible patients' paper-based reminder,No
NCT01427205,M.D. Anderson Cancer Center,PHASE2,WITHDRAWN,,Cetuximab | OSI-906 | Placebo,No
NCT07376694,University of Hull,NA,ACTIVE_NOT_RECRUITING,,Bowel cancer screening kit,No
NCT04749394,Chinese Academy of Medical Sciences,PHASE2,UNKNOWN,,"Camrelizumab, PD-1 monoclonal antibody | Apatinib, VEGFR2 antibody",No
NCT05893056,Fudan University,PHASE2,UNKNOWN,,Cryoablation | Tislelizumab | Lenvatinib,No
NCT07381959,Uppsala University,,RECRUITING,,,No
NCT01256359,University of Oxford,PHASE2,COMPLETED,,Docetaxel and AZD6244 | Docetaxel and placebo,No
NCT05541146,Instituto do Cancer do Estado de São Paulo,PHASE2,UNKNOWN,,Intraperitoneal chemotherapy,No
NCT04772846,Egyptian Medical Syndicate,"PHASE1, PHASE2",UNKNOWN,,Oral tablet | Placebo,No
NCT01796288,Wu Jieping Medical Foundation,PHASE2,UNKNOWN,,simultaneous radiotherapy | Erlotinib,No
NCT05728788,Peking University Third Hospital,,UNKNOWN,,Antitumor drugs,No
NCT01607827,University of Zurich,NA,COMPLETED,,Polyp removal upon insertion and withdrawal | Polyp removal upon withdrawal only,No
NCT05171127,Karolinska University Hospital,,COMPLETED,,Diffuse Reflectance Spectroscopy,No
NCT03532061,New York University,NA,COMPLETED,,FamCare Program | Caregiver Support Group,No
NCT02788461,London Health Sciences Centre Research Institute OR Lawson Research Institute of St. Joseph's,NA,ACTIVE_NOT_RECRUITING,,Chemoradiotherapy | Chemoradiotherapy with Integrated Boost Dose,No
NCT03878342,UNICANCER,NA,ACTIVE_NOT_RECRUITING,,Radiotherapy | No Radiotherapy,No
NCT04995042,"Jiangsu HengRui Medicine Co., Ltd.",PHASE1,COMPLETED,,SHR7280,No
NCT07193186,Fudan University,PHASE2,NOT_YET_RECRUITING,,Anlotinib and Benmelstobart,No
NCT06483386,Tianjin Medical University Cancer Institute and Hospital,PHASE2,NOT_YET_RECRUITING,,Pyrotinib and Subcutaneous preparation of trastuzumab combined with capecitabine,No
NCT01464086,"Gustave Roussy, Cancer Campus, Grand Paris",PHASE3,COMPLETED,,whole body MRI,No
NCT01172886,Sbarro Health Research Organization,,UNKNOWN,,,No
NCT05115786,HBI Solutions Inc.,,UNKNOWN,,,No
NCT04145973,Peking Union Medical College Hospital,,UNKNOWN,,,No
NCT00706069,Hellenic Oncology Research Group,PHASE1,COMPLETED,,Vinorelbine oral | Capecitabine,No
NCT07346469,Kaohsiung Medical University Chung-Ho Memorial Hospital,NA,NOT_YET_RECRUITING,,oral magnesium ions | oral magnesium ions and warm water with Gu Bao Sapindus mukorossi magnesium ion solution,No
NCT00707083,"Prince of Wales Hospital, Shatin, Hong Kong",PHASE3,COMPLETED,,dexamethasone | mercaptopurine | methotrexate | vincristine sulfate,No
NCT04643041,"Sixth Affiliated Hospital, Sun Yat-sen University",NA,RECRUITING,,watch and wait,No
NCT02395705,Henan Cancer Hospital,PHASE3,COMPLETED,,cisplatin and paclitaxel,No
NCT04004494,Ruijin Hospital,NA,COMPLETED,,3D reconstruction,No
NCT06441994,Osaka University,PHASE1,RECRUITING,,PSW-1025,No
NCT00885066,Centre Antoine Lacassagne,PHASE1,COMPLETED,,capecitabine | erlotinib hydrochloride | gemcitabine hydrochloride,No
NCT05072522,"CSPC ZhongQi Pharmaceutical Technology Co., Ltd.",PHASE1,UNKNOWN,,SKLB1028,No
NCT04972422,Zentera Therapeutics HK Limited,PHASE1,UNKNOWN,,ZN-c3,No
NCT05873231,Medical University of Graz,,RECRUITING,,,No
NCT01098331,University of Southampton,NA,TERMINATED,,Radical Prostatectomy | Brachytherapy,No
NCT01497002,University of Leipzig,PHASE3,COMPLETED,,Cytarabine | human stem cells,No
NCT00856102,University of Manitoba,NA,COMPLETED,,Exercise | Control,No
NCT04812002,Women's Hospital School Of Medicine Zhejiang University,PHASE2,RECRUITING,,PD-1 inhibitor， bevacizumab,No
NCT04743102,Beijing Chao Yang Hospital,NA,RECRUITING,,multi-points and full-thickness Biopsy | traditional cCR,No
NCT00354302,NCIC Clinical Trials Group,PHASE3,COMPLETED,,calcium carbonate | calcium citrate | cholecalciferol | alendronate sodium | calcium gluconate | risedronate sodium | laboratory biomarker analysis | dual x-ray absorptometry,No
NCT06451302,Yizhuo Zhang,NA,ACTIVE_NOT_RECRUITING,,"cyclophosphamide, adriamycin, vincristine，Ifosfamide，etoposide",No
NCT06452602,Tianjin Medical University Cancer Institute and Hospital,PHASE2,RECRUITING,,Induction immunochemotherapy followed by Adebrelimab plus concurrent chemoradiotherapy | Induction immunochemotherapy followed by concurrent chemoradiotherapy,No
NCT00180102,Technische Universität Dresden,PHASE4,COMPLETED,,Cytarabine vs. Cytarabine+Amsacrine+Mitoxantrone | early allogeneic PBSCT within induction therapy | autologous PBSCT,No
NCT04116502,University of Birmingham,PHASE3,RECRUITING,,Ruxolitinib | Hydroxycarbamide | Interferon-Alpha,No
NCT05610202,"Chia Tai Tianqing Pharmaceutical Group Co., Ltd.",PHASE1,UNKNOWN,,TQB3702 tablets,No
NCT01877902,Fundación Pública Andaluza Progreso y Salud,,UNKNOWN,,,No
NCT07240753,Lili,,NOT_YET_RECRUITING,,Postoperative pathological examination confirmed cervical large cell neuroendocrine carcinoma.,No
NCT06129253,International Vaccine Institute,,RECRUITING,,Urine Sample Collection | Self-collected Vaginal Swab | Blood Samples,No
NCT05220345,Radboud University Medical Center,NA,COMPLETED,,colonoscopy assisted by both balloon-Behind The Folds visualizing and Computer assisted detection (CADe),No
NCT01460745,"Merck KGaA, Darmstadt, Germany",,COMPLETED,,,No
NCT05631080,Mansoura University,PHASE4,UNKNOWN,,Anatomical Endoscpic enucleation of the Prostate,No
NCT06961188,"Changchun GeneScience Pharmaceutical Co., Ltd.",PHASE3,NOT_YET_RECRUITING,,Nano-crystalline Megestrol Acetate Oral Suspension | Standard Therapy,No
NCT00511303,University of Bologna,PHASE2,COMPLETED,,STI571,No
NCT05386888,Genfleet Therapeutics (Shanghai) Inc.,PHASE2,COMPLETED,,GFH018 | Toripalimab | Paclitaxel | Carboplatin | Cisplatin | Pemetrexed | Thoracic Radiation Therapy (TRT) | GFH018,No
NCT06212388,Xijing Hospital,EARLY_PHASE1,NOT_YET_RECRUITING,,Ex-vivo expanded allogeneic γδ T cells | Recombinant human interferon α1b | Pembrolizumab,No
NCT05597527,Fujian Cancer Hospital,PHASE2,UNKNOWN,,Fluzopari and apatinib,No
NCT02883361,University of Calgary,"PHASE2, PHASE3",WITHDRAWN,,Motivational enhancement therapy | Attention Control,No
NCT06475261,Fondazione Policlinico Universitario Agostino Gemelli IRCCS,,RECRUITING,,Tissue Oximetry with ForeSight,No
NCT05148442,Innovent Biologics (Suzhou) Co. Ltd.,PHASE1,TERMINATED,,IBI322,No
NCT04342286,Chinese University of Hong Kong,,COMPLETED,,Organoid culture,No
NCT05574673,Nordic Society of Gynaecological Oncology - Clinical Trials Unit,,RECRUITING,,Standard of care,No
NCT03979573,"Heinrich-Heine University, Duesseldorf",NA,UNKNOWN,,Multiparametric MRI | Radiomics | MR-guided Biopsy | Molecular Markers,No
NCT04962269,Peking University Third Hospital,,COMPLETED,,MRI,No
NCT06966583,Sichuan University,PHASE1,NOT_YET_RECRUITING,,NAD supplement | Radiotherapy | Immunotherapy,No
NCT03470805,Grupo Español de Investigación en Cáncer de Ovario,PHASE2,COMPLETED,,Olaparib,No
NCT05601505,Peking Union Medical College Hospital,PHASE2,RECRUITING,,circulating tumor DNA,No
NCT00392366,"BioTex, Inc.",NA,COMPLETED,,MR-guided Laser Interstitial Thermal Therapy System,No
NCT02061956,Sun Yat-sen University,,COMPLETED,,,No
NCT01177956,"Merck KGaA, Darmstadt, Germany",PHASE3,COMPLETED,,Cetuximab | Cisplatin | 5-Fluorouracil,No
NCT06658951,UTC Therapeutics Inc.,NA,RECRUITING,,Anti-HER2 CAR-T cells,Yes
NCT04580251,University Hospital Ostrava,,COMPLETED,,Targeted axillary dissection,No
NCT06843629,"Union Hospital, Tongji Medical College, Huazhong University of Science and Technology",,RECRUITING,,Specific positron imaging agents targeting MSLN,No
NCT07409129,The First Affiliated Hospital of Guangzhou Medical University,NA,NOT_YET_RECRUITING,,Laryngeal Mask Airway | Thoracic Paravertebral Block with Local Anesthetic | Non-intubated Anesthesia | Double-lumen Endotracheal Tube | Chest Tube Drainage,No
NCT02201329,Boehringer Ingelheim,PHASE1,COMPLETED,,Azacitidine | Volasertib,No
NCT05182931,Olivia Newton-John Cancer Research Institute,PHASE2,UNKNOWN,,Dabrafenib 75 MG | Trametinib 2 MG,No
NCT00748631,Assistance Publique - Hôpitaux de Paris,NA,TERMINATED,,balloon kyphoplasty,No
NCT03465553,IRCCS Azienda Ospedaliero-Universitaria di Bologna,NA,COMPLETED,,Short course radiotherapy,No
NCT06914245,KU Leuven,NA,RECRUITING,,"Electronic bowel diary | Faecal Incontinence Quality of Life questionnaire (FIQL) | EuroQoL 5 dimensions, 5 levels (EQ-5D-5L)",No
NCT01047345,Merck Sharp & Dohme LLC,PHASE3,COMPLETED,,V503 | Placebo to V503,No
NCT02958397,"Southwest Hospital, China","PHASE1, PHASE2",UNKNOWN,,Anti-CD33-CAR-transduced T cells,Yes
NCT05677113,Sunnybrook Health Sciences Centre,PHASE2,ACTIVE_NOT_RECRUITING,,QBECO | Placebo,No
NCT07061210,Fudan University,PHASE2,NOT_YET_RECRUITING,,HRS-2189 | Adebrelimab | BP102,No
NCT03516760,AvenCell Europe GmbH,PHASE1,TERMINATED,,GEM333,No
NCT00710710,Boehringer Ingelheim,PHASE2,COMPLETED,,BI 2536,No
NCT05632913,Alpha Tau Medical LTD.,NA,RECRUITING,,Radiation: Diffusing Alpha Radiation Emitters Therapy (DaRT),No
NCT05328960,Sahlgrenska University Hospital,,UNKNOWN,,Diagnosed during or not during the pandemic,No
NCT06492460,Sun Yat-sen University,PHASE3,RECRUITING,,Drug：Cisplatin,No
NCT05313282,Sun Yat-sen University,PHASE3,UNKNOWN,,Hepatic Arterial Infusion combined with Apatinib and Camrelizumab | Apatinib combined with Camrelizumab,No
NCT01379482,Uppsala University,PHASE2,COMPLETED,,Multimodal treatment,No
NCT04457882,Shanghai East Hospital,NA,UNKNOWN,,Intraperitoneal Laparoscopic Radical Prostatectomy Without Drainage Tube | Intraperitoneal Laparoscopic Radical Prostatectomy With Drainage Tube,No
NCT01150682,Gynecologic Oncology Group,,UNKNOWN,,RNA analysis | reverse transcriptase-polymerase chain reaction | enzyme-linked immunosorbent assay | immunohistochemistry staining method | laboratory biomarker analysis,No
NCT01928524,Per Pfeiffer,PHASE1,COMPLETED,,DOS2w Dose level 1A | DOS2w Dose level 2A | DOS2w Dose level 3A | DOS2w Dose level 4A | DOS3w Dose level 1B | DOS3w Dose level 2B | DOS3w Dose level 3B,No
NCT05606523,Genton Graf Laurence,,RECRUITING,,,No
NCT07478523,"University Hospital, Bordeaux",PHASE2,NOT_YET_RECRUITING,,TEP-TDM au 68Ga-FAPI-46,No
NCT00003859,Societe Internationale d'Oncologie Pediatrique,PHASE3,COMPLETED,,carboplatin | cyclophosphamide | etoposide | vincristine sulfate | surgical procedure | radiation therapy,No
NCT03627559,Oslo University Hospital,,COMPLETED,,Pancreaticoduodenectomy microdialysis catheter analyses,No
NCT02837679,Aarhus University Hospital,NA,UNKNOWN,,Geriatric Follow up,No
NCT04759846,Pierre Fabre Medicament,PHASE1,WITHDRAWN,,Encorafenib + Binimetinib | Encorafenib + Binimetinib | Encorafenib + Binimetinib,No
NCT04484246,Assistance Publique Hopitaux De Marseille,,COMPLETED,,Prevalence of sarcopenia in older patient with prostate cancer,No
NCT01854203,Sun Yat-sen University,"PHASE2, PHASE3",UNKNOWN,,Inductive chemotherapy + concurrent cisplatin and IMRT | Inductive chemotherapy + IMRT,No
NCT04543903,Alpha Tau Medical LTD.,NA,COMPLETED,,Radiation: Diffusing Alpha Radiation Emitters Therapy (DaRT),No
NCT01678027,"National Cancer Center, Korea",PHASE3,ACTIVE_NOT_RECRUITING,,Placebo | LAC triple therapy,No
NCT03967327,Mundipharma (China) Pharmaceutical Co. Ltd,PHASE3,UNKNOWN,,Buprenorphine transdermal patches | Morphine Sulfate Sustained-Release Tablet,No
NCT02435927,"National Cancer Centre, Singapore",PHASE1,UNKNOWN,,"ASLAN001+ CAPOX (Oxaliplatin, capecitabine) | ASLAN001 + mFolfox6 (5-FU, leucovorin)",No
NCT03897127,University of Ulm,PHASE3,ACTIVE_NOT_RECRUITING,,Cytarabine | Daunorubicin | CPX-351,No
NCT07136727,The First Affiliated Hospital of Xinxiang Medical College,NA,NOT_YET_RECRUITING,,AI-assisted comprehensive management system,No
NCT00082927,Cancer Research UK,PHASE3,COMPLETED,,ibandronate sodium,No
NCT05799027,China-Japan Friendship Hospital,NA,UNKNOWN,,Raman spectrum,No
NCT00155727,National Taiwan University Hospital,,UNKNOWN,,,No
NCT04763642,State Budget Public Health Institution Scientific Research Institute - Ochapovsky Regional Clinical Hospital,NA,COMPLETED,,pancreaticoduodenectomy,No
NCT00172042,Novartis Pharmaceuticals,PHASE3,COMPLETED,,Zoledronic acid 4 mg,No
NCT07462442,"Qilu Pharmaceutical Co., Ltd.",PHASE1,NOT_YET_RECRUITING,,QLS5308 IV infusion,No
NCT05881070,Universitas Muhammadiyah Yogyakarta,NA,UNKNOWN,,Mobile-health self management,No
NCT06868394,Suez Canal University,,COMPLETED,,radiotherapy | No intervention,No
NCT07180966,Ruijin Hospital,,ACTIVE_NOT_RECRUITING,,,No
NCT04974866,Qingdao Central Hospital,PHASE2,RECRUITING,,EGFR-TK Inhibitor,No
NCT06397222,Second Affiliated Hospital of Guangzhou Medical University,PHASE2,RECRUITING,,Sin-Bev-SIRT,No
NCT07194551,University of British Columbia,NA,RECRUITING,,"Vaginal DNA swab, microbiome swab and pH test",No
NCT06415929,Centre Hospitalier Universitaire de Nice,,COMPLETED,,,No
NCT04198402,Assistance Publique - Hôpitaux de Paris,,UNKNOWN,,Biological sampling,No
NCT05036902,Singapore General Hospital,,COMPLETED,,,No
NCT03431753,Aarhus University Hospital,NA,UNKNOWN,,"PSA, STHLM3 and mpMRI for PC detection",No
NCT05579353,Jingbo Chen,,RECRUITING,,nothing,No
NCT02723253,IRCCS Azienda Ospedaliero-Universitaria di Bologna,PHASE2,COMPLETED,,Radiotherapy | Tom-OX,No
NCT02236637,"Janssen Pharmaceutica N.V., Belgium",,COMPLETED,,,No
NCT04683445,Sun Yat-Sen Memorial Hospital of Sun Yat-Sen University,,UNKNOWN,,Eribulin | Trastuzumab | pertuzumab | Pyrotinib | Pembrolizumab | Camerlizumab,No
NCT02551237,UNICANCER,PHASE3,COMPLETED,,50 Gy | Capecitabine | 25 Gy,No
NCT00313872,Samsung Medical Center,PHASE3,COMPLETED,,DP | FOLFIRI,No
NCT07459595,Fatima Tariq,PHASE1,NOT_YET_RECRUITING,,Myoinositol | Metformin,No
NCT05890339,Sun Yat-Sen Memorial Hospital of Sun Yat-Sen University,NA,NOT_YET_RECRUITING,,Laparoscopic Proximal Gastrectomy With Double-flap Technique | Laparoscopic Total Gastrectomy With Roux-en-Y Reconstruction,No
NCT00967239,NSABP Foundation Inc,,UNKNOWN,,DNA analysis | polymorphism analysis | laboratory biomarker analysis | pharmacogenomic studies,No
NCT03798977,Centre Hospitalier Universitaire de Nice,,COMPLETED,,,No
NCT02215577,Regionalt Cancercentrum Väst,NA,UNKNOWN,,In-situ split | Portal embolization or ligation,No
NCT05680077,"Wuhan Ammunition Life-tech Co., Ltd",,COMPLETED,,KCNA3 and OTOP2 Gene Methylation Combined Detection Kit (Fluorescent PCR Method),No
NCT06752239,Jiangxi Provincial Cancer Hospital,PHASE3,RECRUITING,,Modified delineation | Standard delineation,No
NCT07008339,Germans Trias i Pujol Hospital,NA,RECRUITING,,Areola Micropigmentation | Hyaluronic Acid Filler Injection,No
NCT03880877,Kaohsiung Medical University Chung-Ho Memorial Hospital,PHASE2,UNKNOWN,,Regorafenib | UGT1A1 genotyping (TA6/TA6) | UGT1A1 genotyping (TA6/TA7) | UGT1A1 genotyping (TA7/TA7) | Leucovorin and 5-FU,No
NCT05902377,Peking Union Medical College Hospital,PHASE2,UNKNOWN,,68Ga-NY104 PET/CT,No
NCT06899477,Dominik Paul Modest,PHASE3,NOT_YET_RECRUITING,,mFOLFOXIRI | mFOLFOX-6 | CAPOX,No
NCT04770675,Qmed Consulting A/S,,COMPLETED,,Bronchoscopy,No
NCT05615857,Hopital Montfort,NA,COMPLETED,,Use of Endocuff during colonoscopy,No
NCT06326957,King's College Hospital NHS Trust,NA,RECRUITING,,SELF-BREATHE,No
NCT03611712,PhytoHealth Corporation,PHASE2,COMPLETED,,Astragalus Polysaccharides 500 mg,No
NCT00724581,Aarhus University Hospital,PHASE4,UNKNOWN,,Amiodarone,No
NCT05824481,Sun Yat-sen University,PHASE2,ACTIVE_NOT_RECRUITING,,Cadonilimab | Lenvatinib,No
NCT01853228,"Janssen Research & Development, LLC","PHASE1, PHASE2",TERMINATED,,Phase1 and Phase 2: decitabine | Phase 1: cytarabine | Phase 2: cytarabine,No
NCT02308865,"University Hospital, Lille",NA,TERMINATED,,multi disciplinary palliative care monthly consultations,No
NCT04903665,Fudan University,,UNKNOWN,,Multi-cancer early detection test,No
NCT01431365,"University of Western Ontario, Canada",NA,COMPLETED,,Moderate Exercise Group | Passive Sitting Group,No
NCT03016000,"Nanfang Hospital, Southern Medical University",PHASE3,UNKNOWN,,Thalidomide | Observation,No
NCT05419700,Takeda,,COMPLETED,,,No
NCT01967407,University of Magdeburg,"PHASE1, PHASE2",UNKNOWN,,Irreversible Electroporation (IRE),No
NCT05832892,Shanghai Zhongshan Hospital,"PHASE1, PHASE2",UNKNOWN,,surufatinib | KN046 | gemcitabine | Nab paclitaxel,No
NCT06371807,Fundacao Champalimaud,PHASE2,NOT_YET_RECRUITING,,Pembrolizumab injection,No
NCT05610592,Sun Yat-sen University,,COMPLETED,,total mesorectal exicision,No
NCT07156136,Immunocore Ltd,PHASE1,RECRUITING,,IMC-P115C,No
NCT00693836,Cancer Research Centre at Weston Park Hospital,,UNKNOWN,,genetic linkage analysis | loss of heterozygosity analysis | mutation analysis | polymerase chain reaction | polymorphism analysis | biologic sample preservation procedure | medical chart review | questionnaire administration | evaluation of cancer risk factors,No
NCT07420036,Zhongnan Hospital,EARLY_PHASE1,NOT_YET_RECRUITING,,68Ga-SFB6-ZN01,No
NCT02444936,Louis Stokes VA Medical Center,PHASE4,UNKNOWN,,ZOSTAVAX,No
NCT03387436,PD. Dr. med. Carola Seifart,NA,UNKNOWN,,Sham-Intervention | Study-Intervention,No
NCT01198236,Zhejiang University,PHASE4,COMPLETED,,Itraconazole,No
NCT05427136,University Children's Hospital Basel,,RECRUITING,,"Lung function measurements | Breath Analysis | Magnetic resonance imaging (MRI) | Standardized interview to assess respiratory symptoms | Data collection for assessment of clinical parameters and cumulative doses to chemotherapy, radiation, surgery and HSCT | Collection of genetic samples",No
NCT06914661,The First Hospital of Jilin University,,ENROLLING_BY_INVITATION,,,No
NCT03105570,Peking University People's Hospital,NA,UNKNOWN,,Areola Sparing Mastectomy,No
NCT05243173,RenJi Hospital,,UNKNOWN,,Sequencing,No
NCT05039983,Shandong Cancer Hospital and Institute,PHASE1,COMPLETED,,EGCG,No
NCT00489983,Eli Lilly and Company,PHASE2,COMPLETED,,pemetrexed | gemcitabine,No
NCT03015883,Alpha Tau Medical LTD.,NA,COMPLETED,,Diffusing Alpha Radiation Emitters Therapy (DaRT),No
NCT06902441,"University Hospital, Caen",,COMPLETED,,,No
NCT07306741,Menoufia University,NA,RECRUITING,,Cognitive-targeted prostate biopsy,No
NCT00152841,"University Health Network, Toronto",PHASE2,TERMINATED,,Iron supplement 300-600 mg/day | Vitamin E 800IU,No
NCT04375566,Maastricht University,,UNKNOWN,,Patient Decision Aid,No
NCT05448222,First Affiliated Hospital of Wenzhou Medical University,,UNKNOWN,,Diagnostic Test: gait speed; ct scan; grip strength and chair stand test,No
NCT06509022,"Cancer Institute and Hospital, Chinese Academy of Medical Sciences",,ENROLLING_BY_INVITATION,,PEPTEST test,No
NCT07159451,"Gustave Roussy, Cancer Campus, Grand Paris",PHASE2,RECRUITING,,Elacestrant | Leuprorelin,No
NCT04159051,"Charite University, Berlin, Germany",NA,UNKNOWN,,Regional Hyperthermia,No
NCT04454151,Tel-Aviv Sourasky Medical Center,PHASE4,UNKNOWN,,Azithromycin Tablets,No
NCT02942329,The Affiliated Hospital of the Chinese Academy of Military Medical Sciences,"PHASE1, PHASE2",UNKNOWN,,apatinib | SHR-1210,No
NCT07331129,"National Cancer Institute, Egypt",NA,RECRUITING,,transversalis fascia plane block and surgical sit local anesthetic infiltration,No
NCT06863831,"Cancer Institute and Hospital, Chinese Academy of Medical Sciences",NA,ENROLLING_BY_INVITATION,,Yishen Qutong Granules | Yishen Qutong Simulant Granules,No
NCT07287202,Sovargen,"PHASE1, PHASE2",NOT_YET_RECRUITING,,SVG103,No
NCT00236002,Canadian Urology Research Consortium,PHASE3,TERMINATED,,Alendronate,No
NCT00943553,Eisai Inc.,PHASE2,WITHDRAWN,,decitabine Induction Chemotherapy | Induction Chemotherapy,No
NCT04199637,National Yang Ming Chiao Tung University,NA,COMPLETED,,TVG,No
NCT05547737,Henan Cancer Hospital,,UNKNOWN,,Camrelizumab,No
NCT05771337,Assiut University,,UNKNOWN,,blood sample,No
NCT03030937,Fujian Cancer Hospital,PHASE2,UNKNOWN,,Apatinib | Irinotecan,No
NCT02127645,European Association for Endoscopic Surgery,PHASE3,COMPLETED,,SRT-TEM | LRT-TEM | Transanal Endoscopic Microsurgery (TEM) | Total Mesorectal Excision (TME),No
NCT00049595,European Organisation for Research and Treatment of Cancer - EORTC,PHASE3,COMPLETED,,bleomycin sulfate | filgrastim | pegfilgrastim | ABVD regimen | BEACOPP regimen | cyclophosphamide | dacarbazine | doxorubicin hydrochloride | etoposide | prednisone | procarbazine hydrochloride | vinblastine sulfate | vincristine sulfate,No
NCT04164095,RenJi Hospital,NA,UNKNOWN,,lappg,No
NCT00496275,"Genzyme, a Sanofi Company",PHASE1,COMPLETED,,Zactima (ZD6474) | Vinorelbine plus cisplatin | Gemcitabine plus cisplatin,No
NCT00093457,NCIC Clinical Trials Group,PHASE2,COMPLETED,,sorafenib tosylate,No
NCT07023601,Hospital Universitario La Paz,NA,ENROLLING_BY_INVITATION,,Sentinel Lymph Node Biopsy in first local recurrent vulvar carcinoma,No
NCT04621201,Azienda Ospedaliera Ospedale Infantile Regina Margherita Sant'Anna,,RECRUITING,,observation and biopsy,No
NCT05694312,Gruppo Italiano Malattie EMatologiche dell'Adulto,PHASE2,RECRUITING,,Ibrutinib 420 mg,No
NCT03377881,Karolinska Institutet,NA,ACTIVE_NOT_RECRUITING,,MRI/Fusion biopsies | Systematic biopsies,No
NCT00699881,Fudan University,PHASE2,COMPLETED,,cetuximab,No
NCT01792557,S.B. Konya Education and Research Hospital,NA,UNKNOWN,,Crystallized phenol | Limberg Flap | Modified Limberg Flap | Karydakis Flap,No
NCT03879057,Peking University,PHASE1,UNKNOWN,,Surufatinib/humanized anti-PD-1 monoclonal antibody,No
NCT07179757,Tata Memorial Hospital,,RECRUITING,,,No
NCT02339701,Chinese University of Hong Kong,NA,ACTIVE_NOT_RECRUITING,,IMRT | SBRT,No
NCT03279601,Peking University,PHASE2,UNKNOWN,,"Capecitabine, Dacarbazine | Capecitabine, Temozolomide",No
NCT05152212,Lyvgen Biopharma Holdings Limited,PHASE1,COMPLETED,,LVGN7409,No
NCT03806712,Centre Hospitalier Universitaire de Besancon,,COMPLETED,,"multi method questionary (developped by De Rosa, in 1995 and 2014)",No
NCT02350712,Daiichi Sankyo,PHASE1,COMPLETED,,Patritumab | Cetuximab | Cisplatin | Carboplatin,No
NCT01785212,Medical University of Vienna,NA,COMPLETED,,"Stapler | CUSA (Cavitron ultrasonic aspirator; Valleylab, Boulder, CO)",No
NCT02228330,Rabin Medical Center,NA,UNKNOWN,,obturator nerve block,No
NCT02774369,CHU de Quebec-Universite Laval,NA,COMPLETED,,Physical exercise | Cognitive-behavioral therapy,No
NCT06438783,"Chia Tai Tianqing Pharmaceutical Group Nanjing Shunxin Pharmaceutical Co., Ltd.",PHASE1,TERMINATED,,1200mg of TQB2928 injection+Anlotinib | 1800mg of TQB2928 injection+Anlotinib,No
NCT03307941,Jules Bordet Institute,"PHASE1, PHASE2",WITHDRAWN,,Monalizumab | Oxaliplatin | 5-Fluorouracil | Metabolic | Metabolic | Surgery,No
NCT00979641,Tampere University Hospital,PHASE2,TERMINATED,,Docetaxel,No
NCT07476105,Fondazione Italiana Linfomi - ETS,NA,NOT_YET_RECRUITING,,Geriatric-guided supportive care | Conventional supportive care,No
NCT05925166,Lihua Duan,NA,NOT_YET_RECRUITING,,rhTNFR-Fc | Triamcinolone Acetonide,No
NCT05411666,Clinical Academic Center (2CA-Braga),NA,RECRUITING,,Saline solution maintenance of the CVC | No maintenance of the CVC,No
NCT04197856,Umeå University,NA,ACTIVE_NOT_RECRUITING,,Standard care encouraging family-mediated disclosure of hereditary cancer risk | Offer of health-care assisted disclosure by sending direct letters to at-risk relatives,No
NCT00056056,European Organisation for Research and Treatment of Cancer - EORTC,PHASE3,TERMINATED,,bexarotene | methoxypsoralen | UV light therapy,No
NCT03431922,Zhongda Hospital,NA,UNKNOWN,,endovascular denervation,No
NCT04351022,The First Affiliated Hospital of Soochow University,"PHASE1, PHASE2",UNKNOWN,,CART-38,No
NCT04933422,Crimson Biopharm Inc.,PHASE1,NOT_YET_RECRUITING,,CM93,No
NCT03035422,"Association for Training, Education, and Research in Hematology, Immunology, and Transplantation",NA,COMPLETED,,Sequential Packaging (SET) | Transfusion graft | Prevention of GVHD | Care supports | Lymphocyte injection of prophylactic donor (PDLI),No
NCT05779631,Radboud University Medical Center,NA,RECRUITING,,mpMRI plus a same-day cystoscopic bladder biopsy | TURBT,No
NCT01667302,Fudan University,PHASE2,UNKNOWN,,Radiotherapy followed by chemotherapy,No
NCT03800953,National Taiwan University Hospital,PHASE2,UNKNOWN,,Avelumab,No
NCT02621437,Hospices Civils de Lyon,NA,COMPLETED,,Osteopathy sessions | phone questionnaires,No
NCT05352737,KU Leuven,,COMPLETED,,methylmalonic acid testing,No
NCT06275737,GERCOR - Multidisciplinary Oncology Cooperative Group,NA,RECRUITING,,Prehabilitation program,No
NCT01773837,"Clinica Universidad de Navarra, Universidad de Navarra",PHASE3,TERMINATED,,methylphenidate | placebo,No
NCT03891472,Medical University of Silesia,PHASE2,COMPLETED,,"Patients will receive initial chemotherapy, followed by evaluation of the response to the treatment, followed by SBRT, followed by chemotherapy.",No
NCT00216372,Ipsen,PHASE3,COMPLETED,,Lanreotide (microparticle formulation) | Placebo,No
NCT06718972,Guangzhou Medical University,,RECRUITING,,Not applicable- observational study,No
NCT02066272,Maria Sklodowska-Curie National Research Institute of Oncology,,UNKNOWN,,,No
NCT03349372,Hospices Civils de Lyon,,COMPLETED,,Hematopoietic stem cell transplantation,No
NCT00633295,Novartis Pharmaceuticals,PHASE2,COMPLETED,,AMN107- NILOTINIB,No
NCT03175939,Sun Yat-sen University,PHASE2,COMPLETED,,Radiotherapy | Cisplatin | 5-FU,No
NCT05336539,Singlera Genomics Inc.,,RECRUITING,,,No
NCT07463677,Sun Yat-sen University,PHASE2,NOT_YET_RECRUITING,,Tunlametinib + Cetuximab β | Tunlametinib + Fulzerasib,No
NCT06115577,Pirogov Russian National Research Medical University,,COMPLETED,,endometrial tissue and peripheral blood mononuclear cells receptivity,No
NCT01031875,"Fondazione IRCCS Istituto Nazionale dei Tumori, Milano",PHASE2,COMPLETED,,pazopanib hydrochloride | fludeoxyglucose F 18,No
NCT01506375,BioTech Tools S.A.,PHASE2,COMPLETED,,gpASIT+TM | gpASIT+TM + adjuvant,No
NCT03440957,Hospices Civils de Lyon,NA,COMPLETED,,Osteopathic treatment,No
NCT00285701,Photocure,"PHASE1, PHASE2",COMPLETED,,hexaminolevulinate,No
NCT01376401,PETHEMA Foundation,PHASE2,COMPLETED,,Bendamustine | Velcade | Prednisone,No
NCT04601181,"Fundamenta Therapeutics, Ltd.",PHASE1,UNKNOWN,,ThisCART22 cells injection,No
NCT07379281,Qilu Hospital of Shandong University,,RECRUITING,,Organoid culture,No
NCT06233981,"Cancer Institute and Hospital, Chinese Academy of Medical Sciences",PHASE2,UNKNOWN,,Moderate-dose Hypofractionated Intensity-modulated Radiotherapy | Tislelizumab,No
NCT04888481,University of Alberta,PHASE2,RECRUITING,,68Ga-HA-DOTATATE,No
NCT02882581,Aarhus University Hospital,PHASE1,COMPLETED,,11C-metformin,No
NCT07158619,Medical University of Warsaw,NA,NOT_YET_RECRUITING,,OIT with cashew nut protein,No
NCT03596619,Shanghai Dermatology Hospital,NA,UNKNOWN,,PBN,No
NCT03503630,Ali Shamseddine,PHASE2,UNKNOWN,,COMPOUND 2055269 | Radiation Therapy | mFOLFOX | Total Mesorectal Excision,No
NCT01459328,International Atomic Energy Agency,PHASE3,UNKNOWN,,Radiotherapy | Radiotherapy,No
NCT04706754,William Osler Health System,,RECRUITING,,Questionnaires,No
NCT07014605,University of Oklahoma,NA,NOT_YET_RECRUITING,,Smoking Cessation Self Help Guide | Smartphone-delivered Automated Messaging,No
NCT05955105,Innolake Biopharm,"PHASE1, PHASE2",RECRUITING,,ILB-2109 | Toripalimab,No
NCT04789694,"Charles University, Czech Republic",PHASE3,RECRUITING,,Physiological intervention | Psychological intervention | Nutritional intervention,No
NCT03013894,Academisch Medisch Centrum - Universiteit van Amsterdam (AMC-UvA),,COMPLETED,,,No
NCT00002894,Medical Research Council,PHASE3,COMPLETED,,carboplatin | cisplatin | paclitaxel,No
NCT06150222,Erasmus Medical Center,,NOT_YET_RECRUITING,,"Concurrent Chemoradiation, Systemic Chemotherapy other locally directed therapies (like surgery, ablation, etc.)",No
NCT00779922,Poitiers University Hospital,PHASE2,COMPLETED,,lenalidomide,No
NCT00329251,Hospital Clinic of Barcelona,PHASE4,COMPLETED,,Hepatitis A | Hepatitis B | Influenza | Pneumococcal | Tetanus-diphteria | Varicella | Measles-Mumps-Rubella,No
NCT06020651,Institut Mutualiste Montsouris,NA,UNKNOWN,,Arterial Doppler for Flow Mediated Reserve measurement,No
NCT07389629,Sun Yat-sen University,PHASE2,RECRUITING,,QL1706 Combined With Lenvatinib,No
NCT07193329,"Gang Chen, MD",,RECRUITING,,,No
NCT02324231,Swiss Pediatric Oncology Group,NA,COMPLETED,,39.0°C temperature limit defining fever | 38.5°C temperature limit defining fever,No
NCT03350802,"National Cancer Center, Korea",,COMPLETED,,procalcitonin test,No
